Iteration, Small_Alive, Small_Dead, Medium_Alive, Medium_Dead, Large_Alive, Large_Dead, Mean_Diameter_Alive, Mean_Diameter_Dead
1, 176, 1, 232, 3, 2566, 21, 1.067263, 0.9231888
51, 174, 3, 232, 3, 2566, 21, 15.73672, 6.59852
101, 174, 3, 232, 3, 2565, 22, 1.06721, 0.9359224
151, 174, 3, 231, 4, 2559, 28, 11.82861, 6.394193
201, 174, 3, 231, 4, 2555, 32, 1.068245, 0.8943092
251, 174, 3, 231, 4, 2549, 38, 1.068813, 0.8836738
301, 174, 3, 229, 6, 2547, 40, 1.068762, 0.896173
351, 173, 4, 229, 6, 2542, 45, 1.069241, 0.8883203
401, 173, 4, 227, 8, 2540, 47, 1.069116, 0.9027466
451, 173, 4, 225, 10, 2537, 50, 1.069119, 0.912598
501, 173, 4, 224, 11, 2534, 53, 1.069079, 0.9233919
551, 173, 4, 223, 12, 2527, 60, 1.069803, 0.909875
601, 173, 4, 222, 13, 2523, 64, 12.15808, 4.530138
651, 173, 4, 222, 13, 2520, 67, 1.070193, 0.911909
701, 173, 4, 222, 13, 2514, 73, 1.070857, 0.902056
751, 172, 5, 222, 13, 2511, 76, 1.07078, 0.9112635
801, 171, 6, 222, 13, 2506, 81, 1.071443, 0.9006017
851, 171, 6, 221, 14, 2502, 85, 1.071687, 0.901464
901, 171, 6, 220, 15, 2500, 87, 1.071458, 0.9119547
951, 171, 6, 220, 15, 2492, 95, 1.072087, 0.9088777
1001, 171, 6, 220, 15, 2488, 99, 1.07238, 0.9081049
1051, 171, 6, 219, 16, 2480, 107, 1.073104, 0.903614
1101, 170, 7, 217, 18, 2474, 113, 1.073289, 0.9085745
1151, 170, 7, 217, 18, 2473, 114, 1.073393, 0.9077545
1201, 169, 8, 217, 18, 2468, 119, 1.073933, 0.9035044
1251, 166, 11, 217, 18, 2459, 128, 15.91321, 10.58105
1301, 166, 11, 217, 18, 2453, 134, 1.07459, 0.9105676
1351, 165, 12, 216, 19, 2445, 142, 1.074996, 0.9128184
1401, 164, 13, 215, 20, 2436, 151, 1.075552, 0.9135113
1451, 163, 14, 214, 21, 2430, 157, 1.075694, 0.9175085
1501, 163, 14, 212, 23, 2420, 167, 1.076293, 0.9182947
1551, 160, 17, 210, 25, 2413, 174, 16.23116, 9.470547
1601, 159, 18, 209, 26, 2403, 184, 1.076953, 0.9242715
1651, 159, 18, 207, 28, 2396, 191, 1.077411, 0.9241303
1701, 158, 19, 206, 29, 2387, 200, 1.078358, 0.9197252
1751, 158, 19, 205, 30, 2377, 210, 1.079296, 0.9166628
1801, 157, 20, 205, 30, 2369, 218, 1.079876, 0.9163228
1851, 154, 23, 203, 32, 2358, 229, 1.08078, 0.9148667
1901, 154, 23, 201, 34, 2344, 243, 1.081865, 0.9139587
1951, 152, 25, 199, 36, 2333, 254, 1.082857, 0.9121196
2001, 149, 28, 197, 38, 2323, 264, 16.87818, 8.683421
2051, 147, 30, 196, 39, 2313, 274, 17.04268, 8.423689
2101, 147, 30, 196, 39, 2298, 289, 1.084798, 0.9173673
2151, 147, 30, 196, 39, 2285, 302, 1.086778, 0.9095941
2201, 147, 30, 196, 39, 2276, 311, 1.087626, 0.9085116
2251, 146, 31, 194, 41, 2268, 319, 16.90515, 9.349432
2301, 145, 32, 192, 43, 2260, 327, 16.96382, 9.319702
2351, 145, 32, 191, 44, 2249, 338, 1.089309, 0.911623
2401, 144, 33, 188, 47, 2238, 349, 1.090306, 0.9108309
2451, 142, 35, 188, 47, 2228, 359, 1.091531, 0.9082274
2501, 142, 35, 186, 49, 2220, 367, 1.092166, 0.9083835
2551, 142, 35, 185, 50, 2207, 380, 1.093402, 0.9074881
2601, 142, 35, 182, 53, 2196, 391, 1.094311, 0.9076161
2651, 141, 36, 181, 54, 2183, 404, 16.96223, 10.17527
2701, 141, 36, 179, 56, 2173, 414, 1.096061, 0.9088032
2751, 138, 39, 176, 59, 2165, 422, 1.0962, 0.911638
2801, 136, 41, 171, 64, 2157, 430, 13.82954, 6.142713
2851, 136, 41, 170, 65, 2149, 438, 1.096516, 0.9168301
2901, 136, 41, 169, 66, 2140, 447, 13.8956, 6.206498
2951, 134, 43, 169, 66, 2128, 459, 1.098547, 0.9156352
3001, 134, 43, 169, 66, 2116, 471, 1.099776, 0.9147739
3051, 133, 44, 169, 66, 2107, 480, 1.100952, 0.9130819
3101, 133, 44, 169, 66, 2101, 486, 1.10155, 0.9128143
3151, 133, 44, 168, 67, 2094, 493, 1.101831, 0.9143014
3201, 131, 46, 166, 69, 2085, 502, 1.102359, 0.9154719
3251, 130, 47, 165, 70, 2078, 509, 1.102828, 0.9161265
3301, 129, 48, 164, 71, 2069, 518, 1.10368, 0.9159684
3351, 129, 48, 162, 73, 2059, 528, 1.104761, 0.9153051
3401, 128, 49, 162, 73, 2046, 541, 1.106531, 0.9131648
3451, 128, 49, 160, 75, 2036, 551, 1.107419, 0.9133952
3501, 128, 49, 160, 75, 2026, 561, 1.109239, 0.9102803
3551, 128, 49, 160, 75, 2015, 572, 1.111641, 0.9056447
3601, 128, 49, 160, 75, 2007, 580, 1.113041, 0.9036387
3651, 128, 49, 157, 78, 2000, 587, 1.113376, 0.9049969
3701, 127, 50, 156, 79, 1989, 598, 1.11459, 0.9047917
3751, 126, 51, 156, 79, 1982, 605, 1.115113, 0.905506
3801, 125, 52, 156, 79, 1970, 617, 1.116906, 0.903857
3851, 122, 55, 156, 79, 1964, 623, 1.11721, 0.9049526
3901, 122, 55, 155, 80, 1959, 628, 14.12499, 7.107648
3951, 121, 56, 155, 80, 1948, 639, 1.118487, 0.9063737
4001, 119, 58, 154, 81, 1939, 648, 1.119321, 0.9068232
4051, 117, 60, 151, 84, 1929, 658, 1.119608, 0.9092122
4101, 117, 60, 147, 88, 1920, 667, 1.120277, 0.9101258
4151, 117, 60, 144, 91, 1909, 678, 1.121643, 0.9096863
4201, 116, 61, 143, 92, 1896, 691, 1.123543, 0.9084628
4251, 116, 61, 142, 93, 1890, 697, 1.12461, 0.9074193
4301, 116, 61, 142, 93, 1883, 704, 1.125728, 0.90659
4351, 116, 61, 142, 93, 1870, 717, 1.128212, 0.9040837
4401, 115, 62, 142, 93, 1863, 724, 1.128775, 0.9048031
4451, 114, 63, 142, 93, 1851, 736, 1.130081, 0.9051693
4501, 114, 63, 141, 94, 1842, 745, 1.131412, 0.9045974
4551, 114, 63, 141, 94, 1834, 753, 1.133274, 0.9024705
4601, 114, 63, 141, 94, 1827, 760, 1.134422, 0.9018356
4651, 114, 63, 141, 94, 1821, 766, 1.135041, 0.9021869
4701, 113, 64, 141, 94, 1818, 769, 18.26675, 10.84129
4751, 113, 64, 140, 95, 1813, 774, 1.135882, 0.9026241
4801, 112, 65, 140, 95, 1806, 781, 1.136835, 0.9025123
4851, 111, 66, 140, 95, 1801, 786, 1.137533, 0.9024034
4901, 111, 66, 140, 95, 1790, 797, 1.139683, 0.9008201
4951, 109, 68, 137, 98, 1782, 805, 14.82954, 7.411612
5001, 109, 68, 135, 100, 1773, 814, 1.140926, 0.9031008
5051, 107, 70, 135, 100, 1765, 822, 18.85112, 10.5845
5101, 107, 70, 135, 100, 1756, 831, 1.144679, 0.9000359
5151, 107, 70, 133, 102, 1747, 840, 1.145878, 0.9001627
5201, 106, 71, 130, 105, 1743, 844, 1.145546, 0.9020129
5251, 106, 71, 130, 105, 1727, 860, 1.148675, 0.90026
5301, 105, 72, 130, 105, 1715, 872, 1.150504, 0.9000835
5351, 105, 72, 129, 106, 1710, 877, 15.25735, 7.450834
5401, 104, 73, 129, 106, 1700, 887, 1.153093, 0.8993565
5451, 104, 73, 128, 107, 1687, 900, 1.155063, 0.8993283
5501, 103, 74, 127, 108, 1682, 905, 1.155419, 0.9000792
5551, 103, 74, 126, 109, 1672, 915, 1.156505, 0.9008859
5601, 103, 74, 125, 110, 1664, 923, 15.41218, 7.558762
5651, 102, 75, 124, 111, 1654, 933, 1.158572, 0.9021535
5701, 100, 77, 123, 112, 1649, 938, 19.11341, 10.9954
5751, 100, 77, 121, 114, 1637, 950, 1.160962, 0.9026235
5801, 99, 78, 119, 116, 1627, 960, 1.162364, 0.9029385
5851, 97, 80, 118, 117, 1618, 969, 19.41529, 10.93379
5901, 96, 81, 115, 120, 1610, 977, 1.164866, 0.9033283
5951, 94, 83, 114, 121, 1601, 986, 1.165942, 0.9039696
6001, 93, 84, 113, 122, 1592, 995, 1.166895, 0.9048144
6051, 92, 85, 111, 124, 1584, 1003, 1.168093, 0.9050127
6101, 92, 85, 111, 124, 1581, 1006, 1.168957, 0.9044394
6151, 92, 85, 110, 125, 1573, 1014, 1.170034, 0.9048555
6201, 92, 85, 109, 126, 1566, 1021, 1.170654, 0.905722
6251, 92, 85, 109, 126, 1559, 1028, 1.17192, 0.9056069
6301, 92, 85, 109, 126, 1553, 1034, 1.173485, 0.9048015
6351, 92, 85, 109, 126, 1548, 1039, 1.174346, 0.904811
6401, 91, 86, 109, 126, 1542, 1045, 1.175292, 0.9049629
6451, 91, 86, 109, 126, 1534, 1053, 1.176856, 0.9047388
6501, 90, 87, 108, 127, 1529, 1058, 1.1773, 0.9053832
6551, 90, 87, 107, 128, 1521, 1066, 1.179188, 0.9047309
6601, 90, 87, 106, 129, 1514, 1073, 1.180205, 0.9050857
6651, 90, 87, 105, 130, 1504, 1083, 1.182319, 0.9046894
6701, 90, 87, 104, 131, 1497, 1090, 1.183624, 0.90468
6751, 89, 88, 103, 132, 1488, 1099, 1.185784, 0.9040405
6801, 88, 89, 103, 132, 1479, 1108, 1.187854, 0.9035656
6851, 87, 90, 101, 134, 1469, 1118, 1.189224, 0.9043081
6901, 86, 91, 99, 136, 1460, 1127, 1.19009, 0.9054616
6951, 85, 92, 97, 138, 1449, 1138, 1.191185, 0.9068193
7001, 85, 92, 97, 138, 1438, 1149, 1.19408, 0.9059187
7051, 85, 92, 94, 141, 1428, 1159, 18.1638, 7.450994
7101, 85, 92, 94, 141, 1423, 1164, 1.197293, 0.9057043
7151, 85, 92, 94, 141, 1414, 1173, 1.198525, 0.9064565
7201, 84, 93, 94, 141, 1407, 1180, 1.199817, 0.906648
7251, 84, 93, 93, 142, 1402, 1185, 1.199929, 0.9077519
7301, 84, 93, 93, 142, 1397, 1190, 1.201231, 0.907452
7351, 84, 93, 93, 142, 1392, 1195, 1.202603, 0.9070823
7401, 84, 93, 93, 142, 1383, 1204, 1.204422, 0.9072028
7451, 82, 95, 92, 143, 1375, 1212, 1.205136, 0.9083542
7501, 82, 95, 92, 143, 1367, 1220, 1.206898, 0.9083261
7551, 82, 95, 92, 143, 1358, 1229, 1.209625, 0.9074988
7601, 81, 96, 92, 143, 1354, 1233, 1.210628, 0.9073783
7651, 81, 96, 92, 143, 1345, 1242, 1.212538, 0.9075064
7701, 81, 96, 92, 143, 1342, 1245, 1.2131, 0.9076365
7751, 81, 96, 92, 143, 1338, 1249, 1.214371, 0.9072527
7801, 81, 96, 91, 144, 1332, 1255, 1.215031, 0.9080207
7851, 81, 96, 91, 144, 1328, 1259, 1.215676, 0.9083156
7901, 81, 96, 90, 145, 1325, 1262, 17.90557, 7.906801
7951, 80, 97, 90, 145, 1324, 1263, 20.13504, 11.82664
8001, 80, 97, 90, 145, 1324, 1263, 20.13504, 11.82664
8051, 80, 97, 90, 145, 1321, 1266, 1.217235, 0.9083886
8101, 80, 97, 90, 145, 1317, 1270, 1.218024, 0.9085433
8151, 80, 97, 90, 145, 1316, 1271, 1.218439, 0.9083572
8201, 80, 97, 89, 146, 1314, 1273, 1.218579, 0.9086992
8251, 79, 98, 89, 146, 1313, 1274, 1.218189, 0.9093443
8301, 79, 98, 89, 146, 1311, 1276, 1.218524, 0.9094844
8351, 79, 98, 89, 146, 1305, 1282, 1.220043, 0.9093849
8401, 79, 98, 89, 146, 1305, 1282, 1.220043, 0.9093849
8451, 79, 98, 89, 146, 1302, 1285, 1.220424, 0.9097238
8501, 79, 98, 89, 146, 1302, 1285, 1.220424, 0.9097238
8551, 79, 98, 89, 146, 1301, 1286, 1.220491, 0.9098977
8601, 79, 98, 89, 146, 1301, 1286, 1.220491, 0.9098977
8651, 79, 98, 88, 147, 1300, 1287, 1.220434, 0.910197
8701, 79, 98, 88, 147, 1299, 1288, 1.220685, 0.9101838
8751, 79, 98, 88, 147, 1295, 1292, 1.221697, 0.9101313
8801, 79, 98, 88, 147, 1295, 1292, 1.221697, 0.9101313
8851, 79, 98, 88, 147, 1293, 1294, 1.222095, 0.9102147
8901, 79, 98, 88, 147, 1292, 1295, 1.222392, 0.9101598
8951, 79, 98, 88, 147, 1291, 1296, 1.222476, 0.9103173
9001, 79, 98, 88, 147, 1290, 1297, 1.222596, 0.9104379
9051, 79, 98, 87, 148, 1286, 1301, 18.08538, 8.003777
9101, 79, 98, 87, 148, 1284, 1303, 1.223729, 0.9107589
9151, 79, 98, 86, 149, 1281, 1306, 1.224648, 0.9105765
9201, 79, 98, 86, 149, 1279, 1308, 1.225075, 0.910639
9251, 79, 98, 86, 149, 1277, 1310, 1.226012, 0.9102059
9301, 79, 98, 86, 149, 1273, 1314, 1.22679, 0.9104133
9351, 79, 98, 85, 150, 1270, 1317, 1.226953, 0.9109771
9401, 79, 98, 85, 150, 1266, 1321, 1.227878, 0.9110473
9451, 79, 98, 85, 150, 1265, 1322, 1.228381, 0.910806
9501, 79, 98, 85, 150, 1261, 1326, 1.229429, 0.9107671
9551, 79, 98, 85, 150, 1258, 1329, 1.230048, 0.9109004
9601, 79, 98, 85, 150, 1254, 1333, 1.231032, 0.9109322
9651, 79, 98, 85, 150, 1250, 1337, 1.233037, 0.9100153
9701, 79, 98, 85, 150, 1246, 1341, 1.233897, 0.9101802
9751, 79, 98, 84, 151, 1244, 1343, 1.234096, 0.9104778
9801, 79, 98, 84, 151, 1241, 1346, 1.235005, 0.9103607
9851, 79, 98, 84, 151, 1241, 1346, 1.235005, 0.9103607
9901, 79, 98, 84, 151, 1237, 1350, 1.235815, 0.9105806
9951, 76, 101, 84, 151, 1233, 1354, 1.236298, 0.911102
10001, 76, 101, 84, 151, 1229, 1358, 1.23798, 0.9105373
10051, 75, 102, 83, 152, 1227, 1360, 1.238477, 0.9105706
10101, 75, 102, 83, 152, 1223, 1364, 1.239597, 0.9105279
10151, 75, 102, 83, 152, 1221, 1366, 1.240378, 0.9103118
10201, 75, 102, 83, 152, 1217, 1370, 1.241122, 0.9106141
10251, 74, 103, 83, 152, 1215, 1372, 20.38, 12.13463
10301, 74, 103, 83, 152, 1210, 1377, 1.242717, 0.9108927
10351, 74, 103, 83, 152, 1204, 1383, 1.244496, 0.9107842
10401, 74, 103, 83, 152, 1200, 1387, 1.245558, 0.9108277
10451, 73, 104, 83, 152, 1199, 1388, 1.245701, 0.9109449
10501, 73, 104, 83, 152, 1191, 1396, 1.248722, 0.9102858
10551, 73, 104, 83, 152, 1187, 1400, 1.24974, 0.91039
10601, 72, 105, 83, 152, 1184, 1403, 1.251015, 0.9100398
10651, 72, 105, 83, 152, 1180, 1407, 1.252528, 0.9097403
10701, 72, 105, 83, 152, 1175, 1412, 1.254027, 0.9097068
10751, 72, 105, 82, 153, 1172, 1415, 1.254799, 0.909797
10801, 72, 105, 82, 153, 1167, 1420, 1.256792, 0.9093741
10851, 70, 107, 82, 153, 1162, 1425, 1.258069, 0.909552
10901, 68, 109, 80, 155, 1160, 1427, 18.22273, 8.388186
10951, 68, 109, 80, 155, 1157, 1430, 1.25753, 0.9112064
11001, 68, 109, 79, 156, 1157, 1430, 18.41175, 8.355506
11051, 68, 109, 79, 156, 1153, 1434, 1.258085, 0.9117261
11101, 68, 109, 79, 156, 1152, 1435, 1.258091, 0.9119624
11151, 68, 109, 79, 156, 1151, 1436, 1.258251, 0.9120753
11201, 68, 109, 79, 156, 1148, 1439, 1.259207, 0.9120348
11251, 68, 109, 78, 157, 1144, 1443, 1.261037, 0.9115456
11301, 68, 109, 77, 158, 1141, 1446, 1.262047, 0.9114745
11351, 68, 109, 77, 158, 1139, 1448, 1.262037, 0.9119666
11401, 68, 109, 77, 158, 1136, 1451, 1.263046, 0.9119
11451, 67, 110, 77, 158, 1134, 1453, 21.39225, 12.04279
11501, 67, 110, 76, 159, 1133, 1454, 1.263951, 0.9119194
11551, 67, 110, 76, 159, 1129, 1458, 1.265074, 0.9120154
11601, 66, 111, 76, 159, 1127, 1460, 1.265512, 0.9121609
11651, 64, 113, 76, 159, 1123, 1464, 22.22278, 11.82061
11701, 64, 113, 75, 160, 1120, 1467, 1.267753, 0.9121359
11751, 64, 113, 73, 162, 1120, 1467, 19.43848, 8.265296
11801, 64, 113, 73, 162, 1116, 1471, 1.268084, 0.9128523
11851, 64, 113, 73, 162, 1114, 1473, 1.268918, 0.9127041
11901, 64, 113, 73, 162, 1111, 1476, 1.270194, 0.912467
11951, 64, 113, 73, 162, 1111, 1476, 1.270194, 0.912467
12001, 64, 113, 73, 162, 1111, 1476, 1.270194, 0.912467
12051, 64, 113, 73, 162, 1109, 1478, 1.270544, 0.9126887
12101, 64, 113, 73, 162, 1106, 1481, 1.270638, 0.9133436
12151, 64, 113, 73, 162, 1103, 1484, 1.271022, 0.9137803
12201, 63, 114, 73, 162, 1103, 1484, 22.24788, 11.89799
12251, 63, 114, 73, 162, 1102, 1485, 1.271323, 0.9137974
12301, 63, 114, 73, 162, 1100, 1487, 1.272138, 0.9136757
12351, 63, 114, 73, 162, 1097, 1490, 1.273136, 0.9136626
12401, 63, 114, 73, 162, 1095, 1492, 1.273967, 0.9135345
12451, 63, 114, 73, 162, 1092, 1495, 1.275261, 0.9133124
12501, 63, 114, 72, 163, 1090, 1497, 1.276079, 0.9132002
12551, 63, 114, 72, 163, 1089, 1498, 1.2766, 0.9130638
12601, 63, 114, 72, 163, 1087, 1500, 1.277331, 0.9130191
12651, 63, 114, 72, 163, 1084, 1503, 1.278695, 0.9127621
12701, 63, 114, 72, 163, 1083, 1504, 1.279296, 0.9125729
12751, 63, 114, 72, 163, 1082, 1505, 1.279583, 0.9126102
12801, 63, 114, 72, 163, 1079, 1508, 1.27984, 0.9131561
12851, 63, 114, 72, 163, 1079, 1508, 1.27984, 0.9131561
12901, 62, 115, 71, 164, 1076, 1511, 1.280187, 0.913637
12951, 61, 116, 71, 164, 1075, 1512, 22.56713, 11.90855
13001, 61, 116, 71, 164, 1073, 1514, 1.281527, 0.9134138
13051, 61, 116, 71, 164, 1073, 1514, 1.281527, 0.9134138
13101, 60, 117, 71, 164, 1071, 1516, 1.282517, 0.9131999
13151, 60, 117, 71, 164, 1070, 1517, 1.28312, 0.9130182
13201, 60, 117, 71, 164, 1070, 1517, 1.28312, 0.9130182
13251, 60, 117, 71, 164, 1069, 1518, 1.28361, 0.9129171
13301, 60, 117, 71, 164, 1069, 1518, 1.28361, 0.9129171
13351, 60, 117, 71, 164, 1066, 1521, 1.285286, 0.9124734
13401, 60, 117, 71, 164, 1066, 1521, 1.285286, 0.9124734
13451, 60, 117, 71, 164, 1064, 1523, 1.286101, 0.9123942
13501, 59, 118, 71, 164, 1064, 1523, 23.19019, 11.77768
13551, 59, 118, 71, 164, 1064, 1523, 23.19019, 11.77768
13601, 59, 118, 71, 164, 1064, 1523, 23.19019, 11.77768
13651, 59, 118, 71, 164, 1064, 1523, 23.19019, 11.77768
13701, 59, 118, 71, 164, 1064, 1523, 23.19019, 11.77768
13751, 59, 118, 71, 164, 1062, 1525, 1.286539, 0.912579
13801, 59, 118, 71, 164, 1062, 1525, 1.286539, 0.912579
13851, 59, 118, 71, 164, 1062, 1525, 1.286539, 0.912579
13901, 59, 118, 71, 164, 1061, 1526, 1.286359, 0.9129487
13951, 59, 118, 71, 164, 1061, 1526, 1.286359, 0.9129487
14001, 59, 118, 71, 164, 1061, 1526, 1.286359, 0.9129487
14051, 59, 118, 71, 164, 1061, 1526, 1.286359, 0.9129487
14101, 59, 118, 71, 164, 1061, 1526, 1.286359, 0.9129487
14151, 59, 118, 71, 164, 1059, 1528, 1.286474, 0.9133583
14201, 59, 118, 71, 164, 1059, 1528, 1.286474, 0.9133583
14251, 59, 118, 71, 164, 1058, 1529, 1.287084, 0.9131802
14301, 59, 118, 70, 165, 1057, 1530, 1.287041, 0.9134543
14351, 59, 118, 70, 165, 1055, 1532, 1.287524, 0.9136091
14401, 57, 120, 70, 165, 1054, 1533, 1.287465, 0.9138938
14451, 57, 120, 70, 165, 1053, 1534, 1.287915, 0.9138283
14501, 57, 120, 70, 165, 1052, 1535, 1.288553, 0.9136351
14551, 57, 120, 70, 165, 1051, 1536, 1.288966, 0.9135963
14601, 57, 120, 70, 165, 1050, 1537, 1.289399, 0.913545
14651, 57, 120, 70, 165, 1049, 1538, 1.289676, 0.9136004
14701, 57, 120, 70, 165, 1049, 1538, 1.289676, 0.9136004
14751, 57, 120, 70, 165, 1049, 1538, 1.289676, 0.9136004
14801, 56, 121, 70, 165, 1048, 1539, 24.13887, 11.62157
14851, 55, 122, 70, 165, 1047, 1540, 1.290046, 0.913837
14901, 55, 122, 70, 165, 1046, 1541, 1.290753, 0.9136014
14951, 55, 122, 70, 165, 1045, 1542, 1.291339, 0.9134488
15001, 55, 122, 70, 165, 1045, 1542, 1.291339, 0.9134488
15051, 55, 122, 70, 165, 1045, 1542, 1.291339, 0.9134488
15101, 55, 122, 70, 165, 1044, 1543, 1.291403, 0.9136502
15151, 55, 122, 70, 165, 1043, 1544, 1.291528, 0.9138103
15201, 55, 122, 69, 166, 1042, 1545, 1.291716, 0.9139285
15251, 55, 122, 69, 166, 1040, 1547, 1.292088, 0.9141666
15301, 55, 122, 69, 166, 1038, 1549, 1.293342, 0.9138139
15351, 55, 122, 69, 166, 1036, 1551, 1.294135, 0.9137736
15401, 55, 122, 69, 166, 1036, 1551, 1.294135, 0.9137736
15451, 55, 122, 69, 166, 1034, 1553, 1.295111, 0.9136137
15501, 55, 122, 69, 166, 1032, 1555, 1.296055, 0.9134783
15551, 55, 122, 69, 166, 1031, 1556, 1.296376, 0.9135113
15601, 55, 122, 69, 166, 1030, 1557, 1.297113, 0.9132696
15651, 55, 122, 69, 166, 1027, 1560, 1.298793, 0.912902
15701, 54, 123, 69, 166, 1027, 1560, 24.6976, 11.57981
15751, 54, 123, 69, 166, 1027, 1560, 24.6976, 11.57981
15801, 54, 123, 69, 166, 1027, 1560, 24.6976, 11.57981
15851, 54, 123, 69, 166, 1027, 1560, 24.6976, 11.57981
15901, 54, 123, 69, 166, 1027, 1560, 24.6976, 11.57981
15951, 54, 123, 69, 166, 1027, 1560, 24.6976, 11.57981
16001, 54, 123, 69, 166, 1025, 1562, 1.298819, 0.9133791
16051, 54, 123, 69, 166, 1025, 1562, 1.298819, 0.9133791
16101, 54, 123, 69, 166, 1023, 1564, 1.299682, 0.9133071
16151, 54, 123, 68, 167, 1023, 1564, 19.54748, 8.555439
16201, 54, 123, 68, 167, 1022, 1565, 1.299932, 0.9133908
16251, 54, 123, 68, 167, 1022, 1565, 1.299932, 0.9133908
16301, 54, 123, 68, 167, 1022, 1565, 1.299932, 0.9133908
16351, 54, 123, 68, 167, 1022, 1565, 1.299932, 0.9133908
16401, 54, 123, 68, 167, 1021, 1566, 1.300008, 0.9135882
16451, 53, 124, 68, 167, 1020, 1567, 25.0201, 11.54776
16501, 53, 124, 68, 167, 1018, 1569, 1.301273, 0.9135061
16551, 52, 125, 67, 168, 1017, 1570, 25.43831, 11.48156
16601, 52, 125, 66, 169, 1017, 1570, 20.03516, 8.495068
16651, 52, 125, 66, 169, 1016, 1571, 1.300604, 0.9144328
16701, 52, 125, 66, 169, 1013, 1574, 1.301718, 0.9144513
16751, 52, 125, 66, 169, 1011, 1576, 1.302887, 0.9141931
16801, 52, 125, 66, 169, 1010, 1577, 1.303487, 0.9140555
16851, 52, 125, 66, 169, 1008, 1579, 1.304472, 0.9139201
16901, 52, 125, 66, 169, 1005, 1582, 1.305589, 0.9139507
16951, 52, 125, 66, 169, 1003, 1584, 1.3068, 0.9136786
17001, 52, 125, 66, 169, 1001, 1586, 1.307296, 0.9138613
17051, 51, 126, 66, 169, 999, 1588, 1.307907, 0.9139723
17101, 51, 126, 66, 169, 997, 1590, 1.309, 0.9137826
17151, 51, 126, 66, 169, 993, 1594, 1.311079, 0.9134794
17201, 51, 126, 64, 171, 992, 1595, 1.311031, 0.9137581
17251, 51, 126, 64, 171, 991, 1596, 1.311292, 0.9138453
17301, 51, 126, 64, 171, 990, 1597, 1.311523, 0.9139507
17351, 51, 126, 63, 172, 989, 1598, 1.311319, 0.914326
17401, 51, 126, 63, 172, 986, 1601, 1.312573, 0.9142974
17451, 51, 126, 63, 172, 984, 1603, 1.313209, 0.9144042
17501, 51, 126, 63, 172, 983, 1604, 1.313876, 0.9142436
17551, 51, 126, 63, 172, 982, 1605, 1.314369, 0.9141912
17601, 51, 126, 63, 172, 982, 1605, 1.314369, 0.9141912
17651, 51, 126, 63, 172, 981, 1606, 1.314423, 0.9144073
17701, 51, 126, 63, 172, 981, 1606, 1.314423, 0.9144073
17751, 51, 126, 63, 172, 980, 1607, 1.314751, 0.9144561
17801, 50, 127, 63, 172, 977, 1610, 1.315351, 0.9148379
17851, 50, 127, 63, 172, 977, 1610, 1.315351, 0.9148379
17901, 50, 127, 63, 172, 976, 1611, 1.315535, 0.9149753
17951, 50, 127, 63, 172, 975, 1612, 1.315924, 0.9149882
18001, 50, 127, 63, 172, 975, 1612, 1.315924, 0.9149882
18051, 50, 127, 63, 172, 973, 1614, 1.317055, 0.9148033
18101, 50, 127, 63, 172, 970, 1617, 1.318579, 0.9146352
18151, 50, 127, 63, 172, 967, 1620, 1.320103, 0.9144736
18201, 49, 128, 62, 173, 966, 1621, 20.5577, 8.574622
18251, 49, 128, 62, 173, 963, 1624, 1.320572, 0.9151948
18301, 49, 128, 62, 173, 961, 1626, 1.321843, 0.9149424
18351, 49, 128, 62, 173, 961, 1626, 1.321843, 0.9149424
18401, 49, 128, 62, 173, 957, 1630, 1.323443, 0.9150014
18451, 48, 129, 62, 173, 956, 1631, 26.35906, 11.57172
18501, 48, 129, 62, 173, 956, 1631, 26.35906, 11.57172
18551, 48, 129, 62, 173, 956, 1631, 26.35906, 11.57172
18601, 48, 129, 62, 173, 956, 1631, 26.35906, 11.57172
18651, 48, 129, 62, 173, 956, 1631, 26.35906, 11.57172
18701, 48, 129, 62, 173, 955, 1632, 1.323484, 0.9154778
18751, 48, 129, 62, 173, 955, 1632, 1.323484, 0.9154778
18801, 48, 129, 62, 173, 955, 1632, 1.323484, 0.9154778
18851, 48, 129, 62, 173, 955, 1632, 1.323484, 0.9154778
18901, 48, 129, 62, 173, 955, 1632, 1.323484, 0.9154778
18951, 48, 129, 62, 173, 955, 1632, 1.323484, 0.9154778
19001, 48, 129, 62, 173, 955, 1632, 1.323484, 0.9154778
19051, 48, 129, 62, 173, 955, 1632, 1.323484, 0.9154778
19101, 48, 129, 62, 173, 955, 1632, 1.323484, 0.9154778
19151, 48, 129, 62, 173, 955, 1632, 1.323484, 0.9154778
19201, 48, 129, 62, 173, 955, 1632, 1.323484, 0.9154778
19251, 48, 129, 62, 173, 955, 1632, 1.323484, 0.9154778
19301, 48, 129, 62, 173, 955, 1632, 1.323484, 0.9154778
19351, 48, 129, 62, 173, 955, 1632, 1.323484, 0.9154778
19401, 48, 129, 62, 173, 955, 1632, 1.323484, 0.9154778
19451, 48, 129, 62, 173, 955, 1632, 1.323484, 0.9154778
19501, 48, 129, 62, 173, 955, 1632, 1.323484, 0.9154778
19551, 48, 129, 62, 173, 955, 1632, 1.323484, 0.9154778
19601, 48, 129, 62, 173, 955, 1632, 1.323484, 0.9154778
19651, 48, 129, 62, 173, 955, 1632, 1.323484, 0.9154778
19701, 48, 129, 62, 173, 955, 1632, 1.323484, 0.9154778
19751, 48, 129, 62, 173, 955, 1632, 1.323484, 0.9154778
19801, 48, 129, 62, 173, 955, 1632, 1.323484, 0.9154778
19851, 48, 129, 62, 173, 955, 1632, 1.323484, 0.9154778
19901, 48, 129, 62, 173, 955, 1632, 1.323484, 0.9154778
19951, 48, 129, 62, 173, 955, 1632, 1.323484, 0.9154778
20001, 48, 129, 62, 173, 955, 1632, 1.323484, 0.9154778
20051, 48, 129, 62, 173, 955, 1632, 1.323484, 0.9154778
20101, 48, 129, 62, 173, 955, 1632, 1.323484, 0.9154778
20151, 48, 129, 62, 173, 955, 1632, 1.323484, 0.9154778
20201, 48, 129, 62, 173, 955, 1632, 1.323484, 0.9154778
20251, 48, 129, 62, 173, 955, 1632, 1.323484, 0.9154778
20301, 48, 129, 62, 173, 955, 1632, 1.323484, 0.9154778
20351, 48, 129, 62, 173, 955, 1632, 1.323484, 0.9154778
20401, 48, 129, 62, 173, 955, 1632, 1.323484, 0.9154778
20451, 48, 129, 62, 173, 955, 1632, 1.323484, 0.9154778
20501, 48, 129, 62, 173, 955, 1632, 1.323484, 0.9154778
20551, 48, 129, 62, 173, 955, 1632, 1.323484, 0.9154778
20601, 48, 129, 62, 173, 955, 1632, 1.323484, 0.9154778
20651, 48, 129, 62, 173, 955, 1632, 1.323484, 0.9154778
20701, 48, 129, 62, 173, 955, 1632, 1.323484, 0.9154778
20751, 48, 129, 62, 173, 955, 1632, 1.323484, 0.9154778
20801, 48, 129, 62, 173, 955, 1632, 1.323484, 0.9154778
20851, 48, 129, 62, 173, 955, 1632, 1.323484, 0.9154778
20901, 48, 129, 62, 173, 955, 1632, 1.323484, 0.9154778
20951, 48, 129, 62, 173, 955, 1632, 1.323484, 0.9154778
21001, 48, 129, 62, 173, 955, 1632, 1.323484, 0.9154778
21051, 48, 129, 62, 173, 955, 1632, 1.323484, 0.9154778
21101, 48, 129, 62, 173, 955, 1632, 1.323484, 0.9154778
21151, 48, 129, 62, 173, 955, 1632, 1.323484, 0.9154778
21201, 48, 129, 62, 173, 955, 1632, 1.323484, 0.9154778
21251, 48, 129, 62, 173, 955, 1632, 1.323484, 0.9154778
21301, 48, 129, 62, 173, 955, 1632, 1.323484, 0.9154778
21351, 48, 129, 62, 173, 955, 1632, 1.323484, 0.9154778
21401, 48, 129, 62, 173, 955, 1632, 1.323484, 0.9154778
21451, 48, 129, 62, 173, 955, 1632, 1.323484, 0.9154778
21501, 48, 129, 62, 173, 955, 1632, 1.323484, 0.9154778
21551, 48, 129, 62, 173, 955, 1632, 1.323484, 0.9154778
21601, 48, 129, 62, 173, 955, 1632, 1.323484, 0.9154778
21651, 48, 129, 62, 173, 955, 1632, 1.323484, 0.9154778
21701, 48, 129, 62, 173, 955, 1632, 1.323484, 0.9154778
21751, 48, 129, 62, 173, 955, 1632, 1.323484, 0.9154778
21801, 48, 129, 62, 173, 955, 1632, 1.323484, 0.9154778
21851, 48, 129, 62, 173, 955, 1632, 1.323484, 0.9154778
21901, 48, 129, 62, 173, 955, 1632, 1.323484, 0.9154778
21951, 48, 129, 62, 173, 955, 1632, 1.323484, 0.9154778
22001, 48, 129, 62, 173, 955, 1632, 1.323484, 0.9154778
22051, 48, 129, 62, 173, 955, 1632, 1.323484, 0.9154778
22101, 48, 129, 62, 173, 955, 1632, 1.323484, 0.9154778
22151, 48, 129, 62, 173, 955, 1632, 1.323484, 0.9154778
22201, 48, 129, 62, 173, 955, 1632, 1.323484, 0.9154778
22251, 48, 129, 62, 173, 955, 1632, 1.323484, 0.9154778
22301, 48, 129, 62, 173, 955, 1632, 1.323484, 0.9154778
22351, 48, 129, 62, 173, 955, 1632, 1.323484, 0.9154778
22401, 48, 129, 62, 173, 955, 1632, 1.323484, 0.9154778
22451, 48, 129, 62, 173, 955, 1632, 1.323484, 0.9154778
22501, 48, 129, 62, 173, 955, 1632, 1.323484, 0.9154778
22551, 48, 129, 62, 173, 955, 1632, 1.323484, 0.9154778
22601, 48, 129, 62, 173, 955, 1632, 1.323484, 0.9154778
22651, 48, 129, 62, 173, 955, 1632, 1.323484, 0.9154778
22701, 48, 129, 62, 173, 955, 1632, 1.323484, 0.9154778
22751, 48, 129, 62, 173, 955, 1632, 1.323484, 0.9154778
22801, 48, 129, 62, 173, 955, 1632, 1.323484, 0.9154778
22851, 48, 129, 62, 173, 955, 1632, 1.323484, 0.9154778
22901, 48, 129, 62, 173, 955, 1632, 1.323484, 0.9154778
22951, 48, 129, 62, 173, 955, 1632, 1.323484, 0.9154778
23001, 48, 129, 62, 173, 955, 1632, 1.323484, 0.9154778
23051, 48, 129, 62, 173, 955, 1632, 1.323484, 0.9154778
23101, 48, 129, 62, 173, 955, 1632, 1.323484, 0.9154778
23151, 48, 129, 62, 173, 955, 1632, 1.323484, 0.9154778
23201, 48, 129, 62, 173, 955, 1632, 1.323484, 0.9154778
23251, 48, 129, 62, 173, 955, 1632, 1.323484, 0.9154778
23301, 48, 129, 62, 173, 955, 1632, 1.323484, 0.9154778
23351, 48, 129, 62, 173, 955, 1632, 1.323484, 0.9154778
23401, 48, 129, 62, 173, 955, 1632, 1.323484, 0.9154778
23451, 48, 129, 62, 173, 955, 1632, 1.323484, 0.9154778
23501, 48, 129, 62, 173, 955, 1632, 1.323484, 0.9154778
23551, 48, 129, 62, 173, 955, 1632, 1.323484, 0.9154778
23601, 48, 129, 62, 173, 955, 1632, 1.323484, 0.9154778
23651, 48, 129, 62, 173, 955, 1632, 1.323484, 0.9154778
23701, 48, 129, 62, 173, 955, 1632, 1.323484, 0.9154778
23751, 48, 129, 62, 173, 955, 1632, 1.323484, 0.9154778
23801, 48, 129, 62, 173, 955, 1632, 1.323484, 0.9154778
23851, 48, 129, 62, 173, 955, 1632, 1.323484, 0.9154778
23901, 48, 129, 62, 173, 955, 1632, 1.323484, 0.9154778
23951, 48, 129, 62, 173, 955, 1632, 1.323484, 0.9154778
24001, 48, 129, 62, 173, 955, 1632, 1.323484, 0.9154778
24051, 48, 129, 62, 173, 955, 1632, 1.323484, 0.9154778
24101, 48, 129, 62, 173, 955, 1632, 1.323484, 0.9154778
24151, 48, 129, 62, 173, 955, 1632, 1.323484, 0.9154778
24201, 48, 129, 62, 173, 955, 1632, 1.323484, 0.9154778
24251, 48, 129, 62, 173, 955, 1632, 1.323484, 0.9154778
24301, 48, 129, 62, 173, 955, 1632, 1.323484, 0.9154778
24351, 48, 129, 62, 173, 955, 1632, 1.323484, 0.9154778
24401, 48, 129, 62, 173, 955, 1632, 1.323484, 0.9154778
24451, 48, 129, 62, 173, 955, 1632, 1.323484, 0.9154778
24501, 48, 129, 62, 173, 955, 1632, 1.323484, 0.9154778
24551, 48, 129, 62, 173, 955, 1632, 1.323484, 0.9154778
24601, 48, 129, 62, 173, 955, 1632, 1.323484, 0.9154778
24651, 48, 129, 62, 173, 955, 1632, 1.323484, 0.9154778
24701, 48, 129, 62, 173, 955, 1632, 1.323484, 0.9154778
24751, 48, 129, 62, 173, 955, 1632, 1.323484, 0.9154778
24801, 48, 129, 62, 173, 955, 1632, 1.323484, 0.9154778
24851, 48, 129, 62, 173, 955, 1632, 1.323484, 0.9154778
24901, 48, 129, 62, 173, 955, 1632, 1.323484, 0.9154778
24951, 48, 129, 62, 173, 955, 1632, 1.323484, 0.9154778
25001, 48, 129, 62, 173, 955, 1632, 1.323484, 0.9154778
25051, 48, 129, 62, 173, 955, 1632, 1.323484, 0.9154778
25101, 48, 129, 62, 173, 955, 1632, 1.323484, 0.9154778
25151, 48, 129, 62, 173, 955, 1632, 1.323484, 0.9154778
25201, 48, 129, 62, 173, 955, 1632, 1.323484, 0.9154778
25251, 48, 129, 62, 173, 955, 1632, 1.323484, 0.9154778
25301, 48, 129, 62, 173, 955, 1632, 1.323484, 0.9154778
25351, 48, 129, 62, 173, 955, 1632, 1.323484, 0.9154778
25401, 48, 129, 62, 173, 955, 1632, 1.323484, 0.9154778
25451, 48, 129, 62, 173, 955, 1632, 1.323484, 0.9154778
25501, 48, 129, 62, 173, 955, 1632, 1.323484, 0.9154778
25551, 48, 129, 62, 173, 955, 1632, 1.323484, 0.9154778
25601, 48, 129, 62, 173, 955, 1632, 1.323484, 0.9154778
25651, 48, 129, 62, 173, 955, 1632, 1.323484, 0.9154778
25701, 48, 129, 62, 173, 955, 1632, 1.323484, 0.9154778
25751, 48, 129, 62, 173, 955, 1632, 1.323484, 0.9154778
25801, 48, 129, 62, 173, 955, 1632, 1.323484, 0.9154778
25851, 48, 129, 62, 173, 955, 1632, 1.323484, 0.9154778
25901, 48, 129, 62, 173, 955, 1632, 1.323484, 0.9154778
25951, 48, 129, 62, 173, 955, 1632, 1.323484, 0.9154778
26001, 48, 129, 62, 173, 955, 1632, 1.323484, 0.9154778
26051, 48, 129, 62, 173, 955, 1632, 1.323484, 0.9154778
26101, 48, 129, 62, 173, 955, 1632, 1.323484, 0.9154778
26151, 48, 129, 62, 173, 955, 1632, 1.323484, 0.9154778
26201, 48, 129, 62, 173, 955, 1632, 1.323484, 0.9154778
26251, 48, 129, 62, 173, 955, 1632, 1.323484, 0.9154778
26301, 48, 129, 62, 173, 955, 1632, 1.323484, 0.9154778
26351, 48, 129, 62, 173, 955, 1632, 1.323484, 0.9154778
26401, 48, 129, 62, 173, 955, 1632, 1.323484, 0.9154778
26451, 48, 129, 62, 173, 955, 1632, 1.323484, 0.9154778
26501, 48, 129, 62, 173, 955, 1632, 1.323484, 0.9154778
26551, 48, 129, 62, 173, 955, 1632, 1.323484, 0.9154778
26601, 48, 129, 62, 173, 955, 1632, 1.323484, 0.9154778
26651, 48, 129, 62, 173, 955, 1632, 1.323484, 0.9154778
26701, 48, 129, 62, 173, 955, 1632, 1.323484, 0.9154778
26751, 48, 129, 62, 173, 955, 1632, 1.323484, 0.9154778
26801, 48, 129, 62, 173, 955, 1632, 1.323484, 0.9154778
26851, 48, 129, 62, 173, 955, 1632, 1.323484, 0.9154778
26901, 48, 129, 62, 173, 955, 1632, 1.323484, 0.9154778
26951, 48, 129, 62, 173, 955, 1632, 1.323484, 0.9154778
27001, 48, 129, 62, 173, 955, 1632, 1.323484, 0.9154778
27051, 48, 129, 62, 173, 955, 1632, 1.323484, 0.9154778
27101, 48, 129, 62, 173, 955, 1632, 1.323484, 0.9154778
27151, 48, 129, 62, 173, 955, 1632, 1.323484, 0.9154778
27201, 48, 129, 62, 173, 955, 1632, 1.323484, 0.9154778
27251, 48, 129, 62, 173, 955, 1632, 1.323484, 0.9154778
27301, 48, 129, 62, 173, 955, 1632, 1.323484, 0.9154778
27351, 48, 129, 62, 173, 955, 1632, 1.323484, 0.9154778
27401, 48, 129, 62, 173, 955, 1632, 1.323484, 0.9154778
27451, 48, 129, 62, 173, 955, 1632, 1.323484, 0.9154778
27501, 48, 129, 62, 173, 955, 1632, 1.323484, 0.9154778
27551, 48, 129, 62, 173, 955, 1632, 1.323484, 0.9154778
27601, 48, 129, 62, 173, 955, 1632, 1.323484, 0.9154778
27651, 48, 129, 62, 173, 955, 1632, 1.323484, 0.9154778
27701, 48, 129, 62, 173, 955, 1632, 1.323484, 0.9154778
27751, 48, 129, 62, 173, 955, 1632, 1.323484, 0.9154778
27801, 48, 129, 62, 173, 955, 1632, 1.323484, 0.9154778
27851, 48, 129, 62, 173, 955, 1632, 1.323484, 0.9154778
27901, 48, 129, 62, 173, 955, 1632, 1.323484, 0.9154778
27951, 48, 129, 62, 173, 955, 1632, 1.323484, 0.9154778
28001, 48, 129, 62, 173, 955, 1632, 1.323484, 0.9154778
28051, 48, 129, 62, 173, 955, 1632, 1.323484, 0.9154778
28101, 48, 129, 62, 173, 955, 1632, 1.323484, 0.9154778
28151, 48, 129, 62, 173, 955, 1632, 1.323484, 0.9154778
28201, 48, 129, 62, 173, 955, 1632, 1.323484, 0.9154778
28251, 48, 129, 62, 173, 955, 1632, 1.323484, 0.9154778
28301, 48, 129, 62, 173, 955, 1632, 1.323484, 0.9154778
28351, 48, 129, 62, 173, 955, 1632, 1.323484, 0.9154778
28401, 48, 129, 62, 173, 955, 1632, 1.323484, 0.9154778
28451, 48, 129, 62, 173, 955, 1632, 1.323484, 0.9154778
28501, 48, 129, 62, 173, 955, 1632, 1.323484, 0.9154778
28551, 48, 129, 62, 173, 955, 1632, 1.323484, 0.9154778
28601, 48, 129, 62, 173, 955, 1632, 1.323484, 0.9154778
28651, 48, 129, 62, 173, 955, 1632, 1.323484, 0.9154778
28701, 48, 129, 62, 173, 955, 1632, 1.323484, 0.9154778
28751, 48, 129, 62, 173, 955, 1632, 1.323484, 0.9154778
28801, 48, 129, 62, 173, 955, 1632, 1.323484, 0.9154778
28851, 48, 129, 62, 173, 955, 1632, 1.323484, 0.9154778
28901, 48, 129, 62, 173, 955, 1632, 1.323484, 0.9154778
28951, 48, 129, 62, 173, 955, 1632, 1.323484, 0.9154778
29001, 48, 129, 62, 173, 955, 1632, 1.323484, 0.9154778
29051, 48, 129, 62, 173, 955, 1632, 1.323484, 0.9154778
29101, 48, 129, 62, 173, 955, 1632, 1.323484, 0.9154778
29151, 48, 129, 62, 173, 955, 1632, 1.323484, 0.9154778
29201, 48, 129, 62, 173, 955, 1632, 1.323484, 0.9154778
29251, 48, 129, 62, 173, 955, 1632, 1.323484, 0.9154778
29301, 48, 129, 62, 173, 955, 1632, 1.323484, 0.9154778
29351, 48, 129, 62, 173, 955, 1632, 1.323484, 0.9154778
29401, 48, 129, 62, 173, 955, 1632, 1.323484, 0.9154778
29451, 48, 129, 62, 173, 955, 1632, 1.323484, 0.9154778
29501, 48, 129, 62, 173, 955, 1632, 1.323484, 0.9154778
29551, 48, 129, 62, 173, 955, 1632, 1.323484, 0.9154778
29601, 48, 129, 62, 173, 955, 1632, 1.323484, 0.9154778
29651, 48, 129, 62, 173, 955, 1632, 1.323484, 0.9154778
29701, 48, 129, 62, 173, 955, 1632, 1.323484, 0.9154778
29751, 48, 129, 62, 173, 955, 1632, 1.323484, 0.9154778
29801, 48, 129, 62, 173, 955, 1632, 1.323484, 0.9154778
29851, 48, 129, 62, 173, 955, 1632, 1.323484, 0.9154778
29901, 48, 129, 62, 173, 955, 1632, 1.323484, 0.9154778
29951, 48, 129, 62, 173, 955, 1632, 1.323484, 0.9154778
30001, 48, 129, 62, 173, 955, 1632, 1.323484, 0.9154778
30051, 48, 129, 62, 173, 955, 1632, 1.323484, 0.9154778
30101, 48, 129, 62, 173, 955, 1632, 1.323484, 0.9154778
30151, 48, 129, 62, 173, 955, 1632, 1.323484, 0.9154778
30201, 48, 129, 62, 173, 955, 1632, 1.323484, 0.9154778
30251, 48, 129, 62, 173, 955, 1632, 1.323484, 0.9154778
30301, 48, 129, 62, 173, 955, 1632, 1.323484, 0.9154778
30351, 48, 129, 62, 173, 955, 1632, 1.323484, 0.9154778
30401, 48, 129, 62, 173, 955, 1632, 1.323484, 0.9154778
30451, 48, 129, 62, 173, 955, 1632, 1.323484, 0.9154778
30501, 48, 129, 62, 173, 955, 1632, 1.323484, 0.9154778
30551, 48, 129, 62, 173, 955, 1632, 1.323484, 0.9154778
30601, 48, 129, 62, 173, 955, 1632, 1.323484, 0.9154778
30651, 48, 129, 62, 173, 955, 1632, 1.323484, 0.9154778
30701, 48, 129, 62, 173, 955, 1632, 1.323484, 0.9154778
30751, 48, 129, 62, 173, 955, 1632, 1.323484, 0.9154778
30801, 48, 129, 62, 173, 955, 1632, 1.323484, 0.9154778
30851, 48, 129, 62, 173, 955, 1632, 1.323484, 0.9154778
30901, 48, 129, 62, 173, 955, 1632, 1.323484, 0.9154778
30951, 48, 129, 62, 173, 955, 1632, 1.323484, 0.9154778
31001, 48, 129, 62, 173, 955, 1632, 1.323484, 0.9154778
31051, 48, 129, 62, 173, 955, 1632, 1.323484, 0.9154778
31101, 48, 129, 62, 173, 955, 1632, 1.323484, 0.9154778
31151, 48, 129, 62, 173, 955, 1632, 1.323484, 0.9154778
31201, 48, 129, 62, 173, 955, 1632, 1.323484, 0.9154778
31251, 48, 129, 62, 173, 955, 1632, 1.323484, 0.9154778
31301, 48, 129, 62, 173, 955, 1632, 1.323484, 0.9154778
31351, 48, 129, 62, 173, 955, 1632, 1.323484, 0.9154778
31401, 48, 129, 62, 173, 955, 1632, 1.323484, 0.9154778
31451, 48, 129, 62, 173, 955, 1632, 1.323484, 0.9154778
31501, 48, 129, 62, 173, 955, 1632, 1.323484, 0.9154778
31551, 48, 129, 62, 173, 955, 1632, 1.323484, 0.9154778
31601, 48, 129, 62, 173, 955, 1632, 1.323484, 0.9154778
31651, 48, 129, 62, 173, 955, 1632, 1.323484, 0.9154778
31701, 48, 129, 62, 173, 955, 1632, 1.323484, 0.9154778
31751, 48, 129, 62, 173, 955, 1632, 1.323484, 0.9154778
31801, 48, 129, 62, 173, 955, 1632, 1.323484, 0.9154778
31851, 48, 129, 62, 173, 955, 1632, 1.323484, 0.9154778
31901, 48, 129, 62, 173, 955, 1632, 1.323484, 0.9154778
31951, 48, 129, 62, 173, 955, 1632, 1.323484, 0.9154778
32001, 48, 129, 62, 173, 955, 1632, 1.323484, 0.9154778
32051, 48, 129, 62, 173, 955, 1632, 1.323484, 0.9154778
32101, 48, 129, 62, 173, 955, 1632, 1.323484, 0.9154778
32151, 48, 129, 62, 173, 955, 1632, 1.323484, 0.9154778
32201, 48, 129, 62, 173, 955, 1632, 1.323484, 0.9154778
32251, 48, 129, 62, 173, 955, 1632, 1.323484, 0.9154778
32301, 48, 129, 62, 173, 955, 1632, 1.323484, 0.9154778
32351, 48, 129, 62, 173, 955, 1632, 1.323484, 0.9154778
32401, 48, 129, 62, 173, 955, 1632, 1.323484, 0.9154778
32451, 48, 129, 62, 173, 955, 1632, 1.323484, 0.9154778
32501, 48, 129, 62, 173, 955, 1632, 1.323484, 0.9154778
32551, 48, 129, 62, 173, 955, 1632, 1.323484, 0.9154778
32601, 48, 129, 62, 173, 955, 1632, 1.323484, 0.9154778
32651, 48, 129, 62, 173, 955, 1632, 1.323484, 0.9154778
32701, 48, 129, 62, 173, 955, 1632, 1.323484, 0.9154778
32751, 48, 129, 62, 173, 955, 1632, 1.323484, 0.9154778
32801, 48, 129, 62, 173, 955, 1632, 1.323484, 0.9154778
32851, 48, 129, 62, 173, 955, 1632, 1.323484, 0.9154778
32901, 48, 129, 62, 173, 955, 1632, 1.323484, 0.9154778
32951, 48, 129, 62, 173, 955, 1632, 1.323484, 0.9154778
33001, 48, 129, 62, 173, 955, 1632, 1.323484, 0.9154778
33051, 48, 129, 62, 173, 955, 1632, 1.323484, 0.9154778
33101, 48, 129, 62, 173, 955, 1632, 1.323484, 0.9154778
33151, 48, 129, 62, 173, 955, 1632, 1.323484, 0.9154778
33201, 48, 129, 62, 173, 955, 1632, 1.323484, 0.9154778
33251, 48, 129, 62, 173, 955, 1632, 1.323484, 0.9154778
33301, 48, 129, 62, 173, 955, 1632, 1.323484, 0.9154778
33351, 48, 129, 62, 173, 955, 1632, 1.323484, 0.9154778
33401, 48, 129, 62, 173, 955, 1632, 1.323484, 0.9154778
33451, 48, 129, 62, 173, 955, 1632, 1.323484, 0.9154778
33501, 48, 129, 62, 173, 955, 1632, 1.323484, 0.9154778
33551, 48, 129, 62, 173, 955, 1632, 1.323484, 0.9154778
33601, 48, 129, 62, 173, 955, 1632, 1.323484, 0.9154778
33651, 48, 129, 62, 173, 955, 1632, 1.323484, 0.9154778
33701, 48, 129, 62, 173, 955, 1632, 1.323484, 0.9154778
33751, 48, 129, 62, 173, 955, 1632, 1.323484, 0.9154778
33801, 48, 129, 62, 173, 955, 1632, 1.323484, 0.9154778
33851, 48, 129, 62, 173, 955, 1632, 1.323484, 0.9154778
33901, 48, 129, 62, 173, 955, 1632, 1.323484, 0.9154778
33951, 48, 129, 62, 173, 955, 1632, 1.323484, 0.9154778
34001, 48, 129, 62, 173, 955, 1632, 1.323484, 0.9154778
34051, 48, 129, 62, 173, 955, 1632, 1.323484, 0.9154778
34101, 48, 129, 62, 173, 955, 1632, 1.323484, 0.9154778
34151, 48, 129, 62, 173, 955, 1632, 1.323484, 0.9154778
34201, 48, 129, 62, 173, 955, 1632, 1.323484, 0.9154778
34251, 48, 129, 62, 173, 955, 1632, 1.323484, 0.9154778
34301, 48, 129, 62, 173, 955, 1632, 1.323484, 0.9154778
34351, 48, 129, 62, 173, 955, 1632, 1.323484, 0.9154778
34401, 48, 129, 62, 173, 955, 1632, 1.323484, 0.9154778
34451, 48, 129, 62, 173, 955, 1632, 1.323484, 0.9154778
34501, 48, 129, 62, 173, 955, 1632, 1.323484, 0.9154778
34551, 48, 129, 62, 173, 955, 1632, 1.323484, 0.9154778
34601, 48, 129, 62, 173, 955, 1632, 1.323484, 0.9154778
34651, 48, 129, 62, 173, 955, 1632, 1.323484, 0.9154778
34701, 48, 129, 62, 173, 955, 1632, 1.323484, 0.9154778
34751, 48, 129, 62, 173, 955, 1632, 1.323484, 0.9154778
34801, 48, 129, 62, 173, 955, 1632, 1.323484, 0.9154778
34851, 48, 129, 62, 173, 955, 1632, 1.323484, 0.9154778
34901, 48, 129, 62, 173, 955, 1632, 1.323484, 0.9154778
34951, 48, 129, 62, 173, 955, 1632, 1.323484, 0.9154778
35001, 48, 129, 62, 173, 955, 1632, 1.323484, 0.9154778
35051, 48, 129, 62, 173, 955, 1632, 1.323484, 0.9154778
35101, 48, 129, 62, 173, 955, 1632, 1.323484, 0.9154778
35151, 48, 129, 62, 173, 955, 1632, 1.323484, 0.9154778
35201, 48, 129, 62, 173, 955, 1632, 1.323484, 0.9154778
35251, 48, 129, 62, 173, 955, 1632, 1.323484, 0.9154778
35301, 48, 129, 62, 173, 955, 1632, 1.323484, 0.9154778
35351, 48, 129, 62, 173, 955, 1632, 1.323484, 0.9154778
35401, 48, 129, 62, 173, 955, 1632, 1.323484, 0.9154778
35451, 48, 129, 62, 173, 955, 1632, 1.323484, 0.9154778
35501, 48, 129, 62, 173, 955, 1632, 1.323484, 0.9154778
35551, 48, 129, 62, 173, 955, 1632, 1.323484, 0.9154778
35601, 48, 129, 62, 173, 955, 1632, 1.323484, 0.9154778
35651, 48, 129, 62, 173, 955, 1632, 1.323484, 0.9154778
35701, 48, 129, 62, 173, 955, 1632, 1.323484, 0.9154778
35751, 48, 129, 62, 173, 955, 1632, 1.323484, 0.9154778
35801, 48, 129, 62, 173, 955, 1632, 1.323484, 0.9154778
35851, 48, 129, 62, 173, 955, 1632, 1.323484, 0.9154778
35901, 48, 129, 62, 173, 955, 1632, 1.323484, 0.9154778
35951, 48, 129, 62, 173, 955, 1632, 1.323484, 0.9154778
36001, 48, 129, 62, 173, 955, 1632, 1.323484, 0.9154778
36051, 48, 129, 62, 173, 955, 1632, 1.323484, 0.9154778
36101, 48, 129, 62, 173, 955, 1632, 1.323484, 0.9154778
36151, 48, 129, 62, 173, 955, 1632, 1.323484, 0.9154778
36201, 48, 129, 62, 173, 955, 1632, 1.323484, 0.9154778
36251, 48, 129, 62, 173, 955, 1632, 1.323484, 0.9154778
36301, 48, 129, 62, 173, 955, 1632, 1.323484, 0.9154778
36351, 48, 129, 62, 173, 955, 1632, 1.323484, 0.9154778
36401, 48, 129, 62, 173, 955, 1632, 1.323484, 0.9154778
36451, 48, 129, 62, 173, 955, 1632, 1.323484, 0.9154778
36501, 48, 129, 62, 173, 955, 1632, 1.323484, 0.9154778
36551, 48, 129, 62, 173, 955, 1632, 1.323484, 0.9154778
36601, 48, 129, 62, 173, 955, 1632, 1.323484, 0.9154778
36651, 48, 129, 62, 173, 955, 1632, 1.323484, 0.9154778
36701, 48, 129, 62, 173, 955, 1632, 1.323484, 0.9154778
36751, 48, 129, 62, 173, 955, 1632, 1.323484, 0.9154778
36801, 48, 129, 62, 173, 955, 1632, 1.323484, 0.9154778
36851, 48, 129, 62, 173, 955, 1632, 1.323484, 0.9154778
36901, 48, 129, 62, 173, 955, 1632, 1.323484, 0.9154778
36951, 48, 129, 62, 173, 955, 1632, 1.323484, 0.9154778
37001, 48, 129, 62, 173, 955, 1632, 1.323484, 0.9154778
37051, 48, 129, 62, 173, 955, 1632, 1.323484, 0.9154778
37101, 48, 129, 62, 173, 955, 1632, 1.323484, 0.9154778
37151, 48, 129, 62, 173, 955, 1632, 1.323484, 0.9154778
37201, 48, 129, 62, 173, 955, 1632, 1.323484, 0.9154778
37251, 48, 129, 62, 173, 955, 1632, 1.323484, 0.9154778
37301, 48, 129, 62, 173, 955, 1632, 1.323484, 0.9154778
37351, 48, 129, 62, 173, 955, 1632, 1.323484, 0.9154778
37401, 48, 129, 62, 173, 955, 1632, 1.323484, 0.9154778
37451, 48, 129, 62, 173, 955, 1632, 1.323484, 0.9154778
37501, 48, 129, 62, 173, 955, 1632, 1.323484, 0.9154778
37551, 48, 129, 62, 173, 955, 1632, 1.323484, 0.9154778
37601, 48, 129, 62, 173, 955, 1632, 1.323484, 0.9154778
37651, 48, 129, 62, 173, 955, 1632, 1.323484, 0.9154778
37701, 48, 129, 62, 173, 955, 1632, 1.323484, 0.9154778
37751, 48, 129, 62, 173, 955, 1632, 1.323484, 0.9154778
37801, 48, 129, 62, 173, 955, 1632, 1.323484, 0.9154778
37851, 48, 129, 62, 173, 955, 1632, 1.323484, 0.9154778
37901, 48, 129, 62, 173, 955, 1632, 1.323484, 0.9154778
37951, 48, 129, 62, 173, 955, 1632, 1.323484, 0.9154778
38001, 48, 129, 62, 173, 955, 1632, 1.323484, 0.9154778
38051, 48, 129, 62, 173, 955, 1632, 1.323484, 0.9154778
38101, 48, 129, 62, 173, 955, 1632, 1.323484, 0.9154778
38151, 48, 129, 62, 173, 955, 1632, 1.323484, 0.9154778
38201, 48, 129, 62, 173, 955, 1632, 1.323484, 0.9154778
38251, 48, 129, 62, 173, 955, 1632, 1.323484, 0.9154778
38301, 48, 129, 62, 173, 955, 1632, 1.323484, 0.9154778
38351, 48, 129, 62, 173, 955, 1632, 1.323484, 0.9154778
38401, 48, 129, 62, 173, 955, 1632, 1.323484, 0.9154778
38451, 48, 129, 62, 173, 955, 1632, 1.323484, 0.9154778
38501, 48, 129, 62, 173, 955, 1632, 1.323484, 0.9154778
38551, 48, 129, 62, 173, 955, 1632, 1.323484, 0.9154778
38601, 48, 129, 62, 173, 955, 1632, 1.323484, 0.9154778
38651, 48, 129, 62, 173, 955, 1632, 1.323484, 0.9154778
38701, 48, 129, 62, 173, 955, 1632, 1.323484, 0.9154778
38751, 48, 129, 62, 173, 955, 1632, 1.323484, 0.9154778
38801, 48, 129, 62, 173, 955, 1632, 1.323484, 0.9154778
38851, 48, 129, 62, 173, 955, 1632, 1.323484, 0.9154778
38901, 48, 129, 62, 173, 955, 1632, 1.323484, 0.9154778
38951, 48, 129, 62, 173, 955, 1632, 1.323484, 0.9154778
39001, 48, 129, 62, 173, 955, 1632, 1.323484, 0.9154778
39051, 48, 129, 62, 173, 955, 1632, 1.323484, 0.9154778
39101, 48, 129, 62, 173, 955, 1632, 1.323484, 0.9154778
39151, 48, 129, 62, 173, 955, 1632, 1.323484, 0.9154778
39201, 48, 129, 62, 173, 955, 1632, 1.323484, 0.9154778
39251, 48, 129, 62, 173, 955, 1632, 1.323484, 0.9154778
39301, 48, 129, 62, 173, 955, 1632, 1.323484, 0.9154778
39351, 48, 129, 62, 173, 955, 1632, 1.323484, 0.9154778
39401, 48, 129, 62, 173, 955, 1632, 1.323484, 0.9154778
39451, 48, 129, 62, 173, 955, 1632, 1.323484, 0.9154778
39501, 48, 129, 62, 173, 955, 1632, 1.323484, 0.9154778
39551, 48, 129, 62, 173, 955, 1632, 1.323484, 0.9154778
39601, 48, 129, 62, 173, 955, 1632, 1.323484, 0.9154778
39651, 48, 129, 62, 173, 955, 1632, 1.323484, 0.9154778
39701, 48, 129, 62, 173, 955, 1632, 1.323484, 0.9154778
39751, 48, 129, 62, 173, 955, 1632, 1.323484, 0.9154778
39801, 48, 129, 62, 173, 955, 1632, 1.323484, 0.9154778
39851, 48, 129, 62, 173, 955, 1632, 1.323484, 0.9154778
39901, 48, 129, 62, 173, 955, 1632, 1.323484, 0.9154778
39951, 48, 129, 62, 173, 955, 1632, 1.323484, 0.9154778
40001, 48, 129, 62, 173, 955, 1632, 1.323484, 0.9154778
40051, 48, 129, 62, 173, 955, 1632, 1.323484, 0.9154778
40101, 48, 129, 62, 173, 955, 1632, 1.323484, 0.9154778
40151, 48, 129, 62, 173, 955, 1632, 1.323484, 0.9154778
40201, 48, 129, 62, 173, 955, 1632, 1.323484, 0.9154778
40251, 48, 129, 62, 173, 955, 1632, 1.323484, 0.9154778
40301, 48, 129, 62, 173, 955, 1632, 1.323484, 0.9154778
40351, 48, 129, 62, 173, 955, 1632, 1.323484, 0.9154778
40401, 48, 129, 62, 173, 955, 1632, 1.323484, 0.9154778
40451, 48, 129, 62, 173, 955, 1632, 1.323484, 0.9154778
40501, 48, 129, 62, 173, 955, 1632, 1.323484, 0.9154778
40551, 48, 129, 62, 173, 955, 1632, 1.323484, 0.9154778
40601, 48, 129, 62, 173, 955, 1632, 1.323484, 0.9154778
40651, 48, 129, 62, 173, 955, 1632, 1.323484, 0.9154778
40701, 48, 129, 62, 173, 955, 1632, 1.323484, 0.9154778
40751, 48, 129, 62, 173, 955, 1632, 1.323484, 0.9154778
40801, 48, 129, 62, 173, 955, 1632, 1.323484, 0.9154778
40851, 48, 129, 62, 173, 955, 1632, 1.323484, 0.9154778
40901, 48, 129, 62, 173, 955, 1632, 1.323484, 0.9154778
40951, 48, 129, 62, 173, 955, 1632, 1.323484, 0.9154778
41001, 48, 129, 62, 173, 955, 1632, 1.323484, 0.9154778
41051, 48, 129, 62, 173, 955, 1632, 1.323484, 0.9154778
41101, 48, 129, 62, 173, 955, 1632, 1.323484, 0.9154778
41151, 48, 129, 62, 173, 955, 1632, 1.323484, 0.9154778
41201, 48, 129, 62, 173, 955, 1632, 1.323484, 0.9154778
41251, 48, 129, 62, 173, 955, 1632, 1.323484, 0.9154778
41301, 48, 129, 62, 173, 955, 1632, 1.323484, 0.9154778
41351, 48, 129, 62, 173, 955, 1632, 1.323484, 0.9154778
41401, 48, 129, 62, 173, 955, 1632, 1.323484, 0.9154778
41451, 48, 129, 62, 173, 955, 1632, 1.323484, 0.9154778
41501, 48, 129, 62, 173, 955, 1632, 1.323484, 0.9154778
41551, 48, 129, 62, 173, 955, 1632, 1.323484, 0.9154778
41601, 48, 129, 62, 173, 955, 1632, 1.323484, 0.9154778
41651, 48, 129, 62, 173, 955, 1632, 1.323484, 0.9154778
41701, 48, 129, 62, 173, 955, 1632, 1.323484, 0.9154778
41751, 48, 129, 62, 173, 955, 1632, 1.323484, 0.9154778
41801, 48, 129, 62, 173, 955, 1632, 1.323484, 0.9154778
41851, 48, 129, 62, 173, 955, 1632, 1.323484, 0.9154778
41901, 48, 129, 62, 173, 955, 1632, 1.323484, 0.9154778
41951, 48, 129, 62, 173, 955, 1632, 1.323484, 0.9154778
42001, 48, 129, 62, 173, 955, 1632, 1.323484, 0.9154778
42051, 48, 129, 62, 173, 955, 1632, 1.323484, 0.9154778
42101, 48, 129, 62, 173, 955, 1632, 1.323484, 0.9154778
42151, 48, 129, 62, 173, 955, 1632, 1.323484, 0.9154778
42201, 48, 129, 62, 173, 955, 1632, 1.323484, 0.9154778
42251, 48, 129, 62, 173, 955, 1632, 1.323484, 0.9154778
42301, 48, 129, 62, 173, 955, 1632, 1.323484, 0.9154778
42351, 48, 129, 62, 173, 955, 1632, 1.323484, 0.9154778
42401, 48, 129, 62, 173, 955, 1632, 1.323484, 0.9154778
42451, 48, 129, 62, 173, 955, 1632, 1.323484, 0.9154778
42501, 48, 129, 62, 173, 955, 1632, 1.323484, 0.9154778
42551, 48, 129, 62, 173, 955, 1632, 1.323484, 0.9154778
42601, 48, 129, 62, 173, 955, 1632, 1.323484, 0.9154778
42651, 48, 129, 62, 173, 955, 1632, 1.323484, 0.9154778
42701, 48, 129, 62, 173, 955, 1632, 1.323484, 0.9154778
42751, 48, 129, 62, 173, 955, 1632, 1.323484, 0.9154778
42801, 48, 129, 62, 173, 955, 1632, 1.323484, 0.9154778
42851, 48, 129, 62, 173, 955, 1632, 1.323484, 0.9154778
42901, 48, 129, 62, 173, 955, 1632, 1.323484, 0.9154778
42951, 48, 129, 62, 173, 955, 1632, 1.323484, 0.9154778
43001, 48, 129, 62, 173, 955, 1632, 1.323484, 0.9154778
43051, 48, 129, 62, 173, 955, 1632, 1.323484, 0.9154778
43101, 48, 129, 62, 173, 955, 1632, 1.323484, 0.9154778
43151, 48, 129, 62, 173, 955, 1632, 1.323484, 0.9154778
43201, 48, 129, 62, 173, 955, 1632, 1.323484, 0.9154778
43251, 48, 129, 62, 173, 955, 1632, 1.323484, 0.9154778
43301, 48, 129, 62, 173, 955, 1632, 1.323484, 0.9154778
43351, 48, 129, 62, 173, 955, 1632, 1.323484, 0.9154778
43401, 48, 129, 62, 173, 955, 1632, 1.323484, 0.9154778
43451, 48, 129, 62, 173, 955, 1632, 1.323484, 0.9154778
43501, 48, 129, 62, 173, 955, 1632, 1.323484, 0.9154778
43551, 48, 129, 62, 173, 955, 1632, 1.323484, 0.9154778
43601, 48, 129, 62, 173, 955, 1632, 1.323484, 0.9154778
43651, 48, 129, 62, 173, 955, 1632, 1.323484, 0.9154778
43701, 48, 129, 62, 173, 955, 1632, 1.323484, 0.9154778
43751, 48, 129, 62, 173, 955, 1632, 1.323484, 0.9154778
43801, 48, 129, 62, 173, 955, 1632, 1.323484, 0.9154778
43851, 48, 129, 62, 173, 955, 1632, 1.323484, 0.9154778
43901, 48, 129, 62, 173, 955, 1632, 1.323484, 0.9154778
43951, 48, 129, 62, 173, 955, 1632, 1.323484, 0.9154778
44001, 48, 129, 62, 173, 955, 1632, 1.323484, 0.9154778
44051, 48, 129, 62, 173, 955, 1632, 1.323484, 0.9154778
44101, 48, 129, 62, 173, 955, 1632, 1.323484, 0.9154778
44151, 48, 129, 62, 173, 955, 1632, 1.323484, 0.9154778
44201, 48, 129, 62, 173, 955, 1632, 1.323484, 0.9154778
44251, 48, 129, 62, 173, 955, 1632, 1.323484, 0.9154778
44301, 48, 129, 62, 173, 955, 1632, 1.323484, 0.9154778
44351, 48, 129, 62, 173, 955, 1632, 1.323484, 0.9154778
44401, 48, 129, 62, 173, 955, 1632, 1.323484, 0.9154778
44451, 48, 129, 62, 173, 955, 1632, 1.323484, 0.9154778
44501, 48, 129, 62, 173, 955, 1632, 1.323484, 0.9154778
44551, 48, 129, 62, 173, 955, 1632, 1.323484, 0.9154778
44601, 48, 129, 62, 173, 955, 1632, 1.323484, 0.9154778
44651, 48, 129, 62, 173, 955, 1632, 1.323484, 0.9154778
44701, 48, 129, 62, 173, 955, 1632, 1.323484, 0.9154778
44751, 48, 129, 62, 173, 955, 1632, 1.323484, 0.9154778
44801, 48, 129, 62, 173, 955, 1632, 1.323484, 0.9154778
44851, 48, 129, 62, 173, 955, 1632, 1.323484, 0.9154778
44901, 48, 129, 62, 173, 955, 1632, 1.323484, 0.9154778
44951, 48, 129, 62, 173, 955, 1632, 1.323484, 0.9154778
45001, 48, 129, 62, 173, 955, 1632, 1.323484, 0.9154778
45051, 48, 129, 62, 173, 955, 1632, 1.323484, 0.9154778
45101, 48, 129, 62, 173, 955, 1632, 1.323484, 0.9154778
45151, 48, 129, 62, 173, 955, 1632, 1.323484, 0.9154778
45201, 48, 129, 62, 173, 955, 1632, 1.323484, 0.9154778
45251, 48, 129, 62, 173, 955, 1632, 1.323484, 0.9154778
45301, 48, 129, 62, 173, 955, 1632, 1.323484, 0.9154778
45351, 48, 129, 62, 173, 955, 1632, 1.323484, 0.9154778
45401, 48, 129, 62, 173, 955, 1632, 1.323484, 0.9154778
45451, 48, 129, 62, 173, 955, 1632, 1.323484, 0.9154778
45501, 48, 129, 62, 173, 955, 1632, 1.323484, 0.9154778
45551, 48, 129, 62, 173, 955, 1632, 1.323484, 0.9154778
45601, 48, 129, 62, 173, 955, 1632, 1.323484, 0.9154778
45651, 48, 129, 62, 173, 955, 1632, 1.323484, 0.9154778
45701, 48, 129, 62, 173, 955, 1632, 1.323484, 0.9154778
45751, 48, 129, 62, 173, 955, 1632, 1.323484, 0.9154778
45801, 48, 129, 62, 173, 955, 1632, 1.323484, 0.9154778
45851, 48, 129, 62, 173, 955, 1632, 1.323484, 0.9154778
45901, 48, 129, 62, 173, 955, 1632, 1.323484, 0.9154778
45951, 48, 129, 62, 173, 955, 1632, 1.323484, 0.9154778
46001, 48, 129, 62, 173, 955, 1632, 1.323484, 0.9154778
46051, 48, 129, 62, 173, 955, 1632, 1.323484, 0.9154778
46101, 48, 129, 62, 173, 955, 1632, 1.323484, 0.9154778
46151, 48, 129, 62, 173, 955, 1632, 1.323484, 0.9154778
46201, 48, 129, 62, 173, 955, 1632, 1.323484, 0.9154778
46251, 48, 129, 62, 173, 955, 1632, 1.323484, 0.9154778
46301, 48, 129, 62, 173, 955, 1632, 1.323484, 0.9154778
46351, 48, 129, 62, 173, 955, 1632, 1.323484, 0.9154778
46401, 48, 129, 62, 173, 955, 1632, 1.323484, 0.9154778
46451, 48, 129, 62, 173, 955, 1632, 1.323484, 0.9154778
46501, 48, 129, 62, 173, 955, 1632, 1.323484, 0.9154778
46551, 48, 129, 62, 173, 955, 1632, 1.323484, 0.9154778
46601, 48, 129, 62, 173, 955, 1632, 1.323484, 0.9154778
46651, 48, 129, 62, 173, 955, 1632, 1.323484, 0.9154778
46701, 48, 129, 62, 173, 955, 1632, 1.323484, 0.9154778
46751, 48, 129, 62, 173, 955, 1632, 1.323484, 0.9154778
46801, 48, 129, 62, 173, 955, 1632, 1.323484, 0.9154778
46851, 48, 129, 62, 173, 955, 1632, 1.323484, 0.9154778
46901, 48, 129, 62, 173, 955, 1632, 1.323484, 0.9154778
46951, 48, 129, 62, 173, 955, 1632, 1.323484, 0.9154778
47001, 48, 129, 62, 173, 955, 1632, 1.323484, 0.9154778
47051, 48, 129, 62, 173, 955, 1632, 1.323484, 0.9154778
47101, 48, 129, 62, 173, 955, 1632, 1.323484, 0.9154778
47151, 48, 129, 62, 173, 955, 1632, 1.323484, 0.9154778
47201, 48, 129, 62, 173, 955, 1632, 1.323484, 0.9154778
47251, 48, 129, 62, 173, 955, 1632, 1.323484, 0.9154778
47301, 48, 129, 62, 173, 955, 1632, 1.323484, 0.9154778
47351, 48, 129, 62, 173, 955, 1632, 1.323484, 0.9154778
47401, 48, 129, 62, 173, 955, 1632, 1.323484, 0.9154778
47451, 48, 129, 62, 173, 955, 1632, 1.323484, 0.9154778
47501, 48, 129, 62, 173, 955, 1632, 1.323484, 0.9154778
47551, 48, 129, 62, 173, 955, 1632, 1.323484, 0.9154778
47601, 48, 129, 62, 173, 955, 1632, 1.323484, 0.9154778
47651, 48, 129, 62, 173, 955, 1632, 1.323484, 0.9154778
47701, 48, 129, 62, 173, 955, 1632, 1.323484, 0.9154778
47751, 48, 129, 62, 173, 955, 1632, 1.323484, 0.9154778
47801, 48, 129, 62, 173, 955, 1632, 1.323484, 0.9154778
47851, 48, 129, 62, 173, 955, 1632, 1.323484, 0.9154778
47901, 48, 129, 62, 173, 955, 1632, 1.323484, 0.9154778
47951, 48, 129, 62, 173, 955, 1632, 1.323484, 0.9154778
48001, 48, 129, 62, 173, 955, 1632, 1.323484, 0.9154778
48051, 48, 129, 62, 173, 955, 1632, 1.323484, 0.9154778
48101, 48, 129, 62, 173, 955, 1632, 1.323484, 0.9154778
48151, 48, 129, 62, 173, 955, 1632, 1.323484, 0.9154778
48201, 48, 129, 62, 173, 955, 1632, 1.323484, 0.9154778
48251, 48, 129, 62, 173, 955, 1632, 1.323484, 0.9154778
48301, 48, 129, 62, 173, 955, 1632, 1.323484, 0.9154778
48351, 48, 129, 62, 173, 955, 1632, 1.323484, 0.9154778
48401, 48, 129, 62, 173, 955, 1632, 1.323484, 0.9154778
48451, 48, 129, 62, 173, 955, 1632, 1.323484, 0.9154778
48501, 48, 129, 62, 173, 955, 1632, 1.323484, 0.9154778
48551, 48, 129, 62, 173, 955, 1632, 1.323484, 0.9154778
48601, 48, 129, 62, 173, 955, 1632, 1.323484, 0.9154778
48651, 48, 129, 62, 173, 955, 1632, 1.323484, 0.9154778
48701, 48, 129, 62, 173, 955, 1632, 1.323484, 0.9154778
48751, 48, 129, 62, 173, 955, 1632, 1.323484, 0.9154778
48801, 48, 129, 62, 173, 955, 1632, 1.323484, 0.9154778
48851, 48, 129, 62, 173, 955, 1632, 1.323484, 0.9154778
48901, 48, 129, 62, 173, 955, 1632, 1.323484, 0.9154778
48951, 48, 129, 62, 173, 955, 1632, 1.323484, 0.9154778
49001, 48, 129, 62, 173, 955, 1632, 1.323484, 0.9154778
49051, 48, 129, 62, 173, 955, 1632, 1.323484, 0.9154778
49101, 48, 129, 62, 173, 955, 1632, 1.323484, 0.9154778
49151, 48, 129, 62, 173, 955, 1632, 1.323484, 0.9154778
49201, 48, 129, 62, 173, 955, 1632, 1.323484, 0.9154778
49251, 48, 129, 62, 173, 955, 1632, 1.323484, 0.9154778
49301, 48, 129, 62, 173, 955, 1632, 1.323484, 0.9154778
49351, 48, 129, 62, 173, 955, 1632, 1.323484, 0.9154778
49401, 48, 129, 62, 173, 955, 1632, 1.323484, 0.9154778
49451, 48, 129, 62, 173, 955, 1632, 1.323484, 0.9154778
49501, 48, 129, 62, 173, 955, 1632, 1.323484, 0.9154778
49551, 48, 129, 62, 173, 955, 1632, 1.323484, 0.9154778
49601, 48, 129, 62, 173, 955, 1632, 1.323484, 0.9154778
49651, 48, 129, 62, 173, 955, 1632, 1.323484, 0.9154778
49701, 48, 129, 62, 173, 955, 1632, 1.323484, 0.9154778
49751, 48, 129, 62, 173, 955, 1632, 1.323484, 0.9154778
49801, 48, 129, 62, 173, 955, 1632, 1.323484, 0.9154778
49851, 48, 129, 62, 173, 955, 1632, 1.323484, 0.9154778
49901, 48, 129, 62, 173, 955, 1632, 1.323484, 0.9154778
49951, 48, 129, 62, 173, 955, 1632, 1.323484, 0.9154778
50001, 48, 129, 62, 173, 955, 1632, 1.323484, 0.9154778
50051, 48, 129, 62, 173, 955, 1632, 1.323484, 0.9154778
50101, 48, 129, 62, 173, 955, 1632, 1.323484, 0.9154778
50151, 48, 129, 62, 173, 955, 1632, 1.323484, 0.9154778
50201, 48, 129, 62, 173, 955, 1632, 1.323484, 0.9154778
50251, 48, 129, 62, 173, 955, 1632, 1.323484, 0.9154778
50301, 48, 129, 62, 173, 955, 1632, 1.323484, 0.9154778
50351, 48, 129, 62, 173, 955, 1632, 1.323484, 0.9154778
50401, 48, 129, 62, 173, 955, 1632, 1.323484, 0.9154778
50451, 48, 129, 62, 173, 955, 1632, 1.323484, 0.9154778
50501, 48, 129, 62, 173, 955, 1632, 1.323484, 0.9154778
50551, 48, 129, 62, 173, 955, 1632, 1.323484, 0.9154778
50601, 48, 129, 62, 173, 955, 1632, 1.323484, 0.9154778
50651, 48, 129, 62, 173, 955, 1632, 1.323484, 0.9154778
50701, 48, 129, 62, 173, 955, 1632, 1.323484, 0.9154778
50751, 48, 129, 62, 173, 955, 1632, 1.323484, 0.9154778
50801, 48, 129, 62, 173, 955, 1632, 1.323484, 0.9154778
50851, 48, 129, 62, 173, 955, 1632, 1.323484, 0.9154778
50901, 48, 129, 62, 173, 955, 1632, 1.323484, 0.9154778
50951, 48, 129, 62, 173, 955, 1632, 1.323484, 0.9154778
51001, 48, 129, 62, 173, 955, 1632, 1.323484, 0.9154778
51051, 48, 129, 62, 173, 955, 1632, 1.323484, 0.9154778
51101, 48, 129, 62, 173, 955, 1632, 1.323484, 0.9154778
51151, 48, 129, 62, 173, 955, 1632, 1.323484, 0.9154778
51201, 48, 129, 62, 173, 955, 1632, 1.323484, 0.9154778
51251, 48, 129, 62, 173, 955, 1632, 1.323484, 0.9154778
51301, 48, 129, 62, 173, 955, 1632, 1.323484, 0.9154778
